{
	"partitions" : [
		{
			"name" : "Top",
			"pins" : [
				{
					"name" : "pixel_clk",
					"strict" : false
				},
				{
					"name" : "R[0]",
					"strict" : false
				},
				{
					"name" : "R[1]",
					"strict" : false
				},
				{
					"name" : "R[2]",
					"strict" : false
				},
				{
					"name" : "R[3]",
					"strict" : false
				},
				{
					"name" : "G[0]",
					"strict" : false
				},
				{
					"name" : "G[1]",
					"strict" : false
				},
				{
					"name" : "G[2]",
					"strict" : false
				},
				{
					"name" : "G[3]",
					"strict" : false
				},
				{
					"name" : "B[0]",
					"strict" : false
				},
				{
					"name" : "B[1]",
					"strict" : false
				},
				{
					"name" : "B[2]",
					"strict" : false
				},
				{
					"name" : "B[3]",
					"strict" : false
				},
				{
					"name" : "HS",
					"strict" : false
				},
				{
					"name" : "VS",
					"strict" : false
				},
				{
					"name" : "input_clk",
					"strict" : false
				},
				{
					"name" : "dipsw[0]",
					"strict" : false
				},
				{
					"name" : "dipsw[1]",
					"strict" : false
				},
				{
					"name" : "shoot",
					"strict" : false
				}
			]
		}
	]
}